Id,Predicted_Price,Predicted_Category,Category_SVM
1461,112762.05861369861,Low,Low
1462,172993.91740779948,Medium,Medium
1463,168407.16355855647,Medium,Medium
1464,189729.29955255153,Medium,Medium
1465,223951.14533922978,High,High
1466,185374.65604838988,Medium,Medium
1467,170250.00186367432,Medium,Medium
1468,177351.6009905841,Medium,Medium
1469,209576.7297270196,High,Medium
1470,93600.84549148871,Low,Low
1471,211927.64565768323,High,High
1472,132524.93940310864,Low,Low
1473,117565.62695188604,Low,Low
1474,168538.14151716113,Medium,Medium
1475,158911.68639569156,Medium,Medium
1476,325131.3066544529,High,High
1477,255224.99620984698,High,High
1478,289601.1308829865,High,High
1479,278305.83316333825,High,High
1480,382694.3585284139,High,High
1481,297214.75528433436,High,High
1482,238303.15520789154,High,High
1483,188950.7366444676,Medium,Medium
1484,195773.52655423337,High,Medium
1485,184512.41191405978,Medium,Medium
1486,219883.17206806544,High,High
1487,307230.4376058739,High,High
1488,257990.0935586957,High,High
1489,203656.2058818765,High,Medium
1490,201838.25427913072,High,High
1491,215068.158773523,High,High
1492,99028.98419820676,Low,Low
1493,181307.0981579553,Medium,Medium
1494,285227.1481858349,High,High
1495,282500.27434375964,High,High
1496,225571.2616800851,High,High
1497,216573.57349962552,High,High
1498,181095.47996313238,Medium,Medium
1499,181095.47996313238,Medium,Medium
1500,161252.2401888005,Medium,Medium
1501,179964.12659892812,Medium,Medium
1502,171464.4695181917,Medium,Medium
1503,256116.50955989247,High,High
1504,251174.1202215156,High,High
1505,225029.6323743341,High,High
1506,217053.8427884652,High,High
1507,250484.60707961913,High,High
1508,202024.8548027997,High,High
1509,178136.20528368503,Medium,Medium
1510,145518.3236118086,Medium,Medium
1511,143459.90065627213,Medium,Medium
1512,166111.52901217976,Medium,Medium
1513,172161.05466880885,Medium,Medium
1514,183372.7589978711,Medium,Medium
1515,203302.91399522222,High,High
1516,160400.75119488646,Medium,Medium
1517,157107.49462046102,Medium,Medium
1518,170475.9425545945,Medium,Medium
1519,224405.48052480243,High,High
1520,134404.4660668862,Low,Medium
1521,140042.75503205133,Medium,Medium
1522,185434.96656090533,Medium,Medium
1523,112284.71507726498,Low,Low
1524,117951.99287516218,Low,Low
1525,117301.30706229596,Low,Low
1526,120082.67732621828,Low,Low
1527,67580.927303303,Low,Low
1528,146382.1820145688,Medium,Low
1529,137718.1668279461,Low,Medium
1530,181149.7360904715,Medium,Medium
1531,112834.48759131113,Low,Low
1532,98336.14928613699,Low,Low
1533,151762.16680927842,Medium,Medium
1534,143801.82546556194,Medium,Low
1535,154422.18328580793,Medium,Medium
1536,118603.81936370581,Low,Low
1537,18399.4162177915,Low,Low
1538,188342.06436475128,Medium,Medium
1539,201852.02876084685,High,High
1540,163103.2151340094,Medium,Low
1541,146604.948104786,Medium,Low
1542,152881.34714403798,Medium,Medium
1543,215410.54364813317,High,High
1544,62888.379512262254,Low,Low
1545,130484.74096566925,Low,Low
1546,133545.5434598276,Low,Low
1547,135239.9235933848,Low,Low
1548,156459.25521068822,Medium,Medium
1549,98882.75786290804,Low,Low
1550,132845.45791063644,Low,Low
1551,135637.41632925786,Low,Low
1552,132043.45417557855,Low,Low
1553,148665.50737707084,Medium,Low
1554,134820.57501515065,Low,Low
1555,169394.53125629315,Medium,Medium
1556,106086.92844625877,Low,Low
1557,131287.35809483085,Low,Low
1558,118261.18412069272,Low,Low
1559,118253.95702310457,Low,Low
1560,130004.54775701505,Low,Low
1561,172536.56804019332,Medium,Medium
1562,114216.76102907586,Low,Low
1563,113483.17222993895,Low,Low
1564,161851.97955574657,Medium,Medium
1565,142592.34703143965,Medium,Medium
1566,215752.05663114804,High,High
1567,59990.40613518946,Low,Low
1568,208676.14622739833,High,High
1569,97345.87163392965,Low,Low
1570,133763.79665293713,Low,Low
1571,117183.45774231946,Low,Low
1572,134750.82915708225,Low,Low
1573,234346.90577158905,High,High
1574,144292.75558526698,Medium,Medium
1575,217738.88202968249,High,High
1576,199652.70842063273,High,High
1577,204464.0004361963,High,Medium
1578,128581.87285740672,Low,Low
1579,132156.00507737164,Low,Medium
1580,215309.2433084126,High,High
1581,132029.9011491475,Low,Low
1582,116356.36384625535,Low,Low
1583,291367.6946941761,High,High
1584,244039.91308410862,High,High
1585,150187.3865430777,Medium,Medium
1586,18357.112072346412,Low,Low
1587,99597.83864792036,Low,Low
1588,143196.0601098567,Medium,Medium
1589,93286.1388344137,Low,Low
1590,157045.15696312886,Medium,Medium
1591,95183.88876998119,Low,Low
1592,121726.76873531536,Low,Low
1593,122115.65073015874,Low,Low
1594,158413.19314017723,Medium,Medium
1595,144554.9643528401,Medium,Low
1596,240838.78534240744,High,High
1597,182471.80171144873,Medium,Medium
1598,197445.2704791048,High,Medium
1599,203701.48548105336,High,Medium
1600,214636.51960773522,High,Medium
1601,3292.721118055604,Low,Low
1602,121584.50544354432,Low,Low
1603,60470.91195370001,Low,Low
1604,260483.88340882098,High,High
1605,256547.28399564666,High,High
1606,171556.69233975126,Medium,Medium
1607,233160.09748434572,High,High
1608,214350.29005187078,High,High
1609,203298.21928091365,High,Medium
1610,144709.27488640667,Medium,Medium
1611,141823.4979599299,Medium,Medium
1612,175594.69126712956,Medium,Medium
1613,165648.93957964322,Medium,Medium
1614,122981.4406662217,Low,Low
1615,95377.46277469899,Low,Low
1616,95377.46277469899,Low,Low
1617,96277.0786814129,Low,Low
1618,115415.88348495652,Low,Low
1619,117905.70332618791,Low,Low
1620,209350.46158754564,High,High
1621,140263.23977091367,Medium,Medium
1622,145068.4836526143,Medium,Medium
1623,267792.6883893288,High,High
1624,205781.65433684445,High,High
1625,132089.29884348548,Low,Low
1626,184851.32161688097,Medium,Medium
1627,190104.99686134813,High,Medium
1628,278925.0868163882,High,High
1629,195729.44811885085,High,Medium
1630,330716.95640422474,High,High
1631,242500.25516227062,High,High
1632,261350.3655289173,High,High
1633,182280.19410987545,Medium,Medium
1634,192406.1848957782,High,Medium
1635,175971.36621020894,Medium,Medium
1636,171279.97887521386,Medium,Medium
1637,183247.844722025,Medium,Medium
1638,226210.85703940515,High,High
1639,200256.28931532372,High,Medium
1640,270025.70681871497,High,High
1641,193410.93355301724,High,Medium
1642,230703.26872734143,High,High
1643,255277.60404029873,High,High
1644,249822.0690346885,High,High
1645,179644.1208157548,Medium,Medium
1646,156391.38684033326,Medium,Medium
1647,185595.4647290396,Medium,Medium
1648,142663.72961271915,Medium,Medium
1649,131260.7976595607,Low,Low
1650,91989.90578715583,Low,Low
1651,92439.71374051279,Low,Low
1652,133424.55530982255,Low,Low
1653,132974.7473564656,Low,Low
1654,172764.63005597965,Medium,Medium
1655,173837.11729999562,Medium,Medium
1656,169437.75742387504,Medium,Medium
1657,173664.24596269356,Medium,Medium
1658,169887.56537723198,Medium,Medium
1659,159361.49434904853,Medium,Medium
1660,127515.71363386107,Low,Low
1661,350840.2387252646,High,High
1662,338883.5579966962,High,High
1663,319768.47612056794,High,High
1664,398870.97170131037,High,High
1665,294351.4274522045,High,High
1666,274276.1592003527,High,High
1667,310132.18526307534,High,High
1668,294853.2323609054,High,High
1669,274263.46465600067,High,High
1670,299735.4773041706,High,High
1671,249464.54259220295,High,High
1672,356181.98925777257,High,High
1673,283319.30341256724,High,High
1674,259175.02137873217,High,High
1675,191993.62275265195,High,Medium
1676,187339.79694013472,Medium,Medium
1677,215036.7777228945,High,High
1678,382604.5455702552,High,High
1679,311235.9510476151,High,High
1680,307596.93168783054,High,High
1681,269136.5258310738,High,High
1682,267111.77777678863,High,High
1683,217693.23175674872,High,High
1684,200466.937802619,High,Medium
1685,180587.0870786236,Medium,Medium
1686,202035.96736893014,High,Medium
1687,184512.41191405978,Medium,Medium
1688,214529.83802578115,High,High
1689,211744.30936756,High,High
1690,203175.23747951566,High,Medium
1691,191982.80827113116,High,Medium
1692,257900.3888610637,High,High
1693,184512.41191405978,Medium,Medium
1694,181265.16468626712,Medium,Medium
1695,185529.78155897665,Medium,Medium
1696,261691.88301489034,High,High
1697,185529.78155897665,Medium,Medium
1698,315072.5298156466,High,High
1699,293711.0898653287,High,High
1700,241917.17113847315,High,High
1701,276594.9468416877,High,High
1702,268378.6790930789,High,High
1703,263606.4183111057,High,High
1704,268465.8510411662,High,High
1705,243540.26841535547,High,High
1706,359485.1047297602,High,High
1707,222716.66768099566,High,High
1708,219673.7815728113,High,High
1709,275465.30954926007,High,High
1710,242915.13270996802,High,High
1711,248443.95144248637,High,High
1712,280908.21012677916,High,High
1713,241731.61562122317,High,High
1714,230938.7359923747,High,High
1715,213676.18807902318,High,High
1716,207493.26129506747,High,Medium
1717,200152.21127317537,High,Medium
1718,178381.15607105664,Medium,Medium
1719,224117.127559192,High,High
1720,250112.0636353593,High,High
1721,196836.18580996216,High,Medium
1722,152050.42111096813,Medium,Medium
1723,146863.9418377063,Medium,Medium
1724,223969.6207843657,High,High
1725,241031.67021387618,High,High
1726,190951.40282667367,High,Medium
1727,182919.5905460391,Medium,Medium
1728,201229.03011264215,High,Medium
1729,164640.56356884405,Medium,Medium
1730,169436.46857416534,Medium,Medium
1731,121165.93593772032,Low,Low
1732,110334.51655644031,Low,Low
1733,110334.51655644031,Low,Low
1734,121483.22613049913,Low,Low
1735,115529.97167470858,Low,Low
1736,115080.16372135164,Low,Low
1737,284243.99117563205,High,High
1738,219308.39351880155,High,High
1739,310565.1534899456,High,High
1740,226277.81390130633,High,High
1741,185491.42151526373,Medium,Medium
1742,179964.12659892812,Medium,Medium
1743,196381.562426895,High,Medium
1744,254255.63923853205,High,High
1745,242515.50593344064,High,High
1746,260179.84678703654,High,High
1747,222909.78093770324,High,High
1748,236400.83457944257,High,High
1749,149942.66806119893,Medium,Medium
1750,167828.683417525,Medium,Medium
1751,246748.72162238433,High,High
1752,113033.36427658201,Low,Low
1753,176039.00604604615,Medium,Medium
1754,235432.15563885143,High,High
1755,170556.5034837166,Medium,Medium
1756,90176.72576080784,Low,Low
1757,109434.90064972642,Low,Low
1758,120675.66695316591,Low,Low
1759,159479.7319704194,Medium,Medium
1760,150518.51251452186,Medium,Medium
1761,149988.50671953766,Medium,Medium
1762,178084.39935563935,Medium,Medium
1763,184979.22272278296,Medium,Medium
1764,116227.34725940737,Low,Low
1765,209097.12935694476,High,Medium
1766,180704.25457781425,Medium,Medium
1767,193000.0729183104,High,Medium
1768,133923.73662570718,Low,Low
1769,196286.4156640104,High,Medium
1770,138188.69630916737,Low,Medium
1771,138335.3445710176,Low,Medium
1772,153994.93366098957,Medium,Medium
1773,115763.46892103917,Low,Low
1774,193924.06491766215,High,Medium
1775,147299.07998010048,Medium,Medium
1776,113039.84121372119,Low,Low
1777,96783.3271356383,Low,Low
1778,121232.18556642738,Low,Low
1779,99988.72191015907,Low,Low
1780,182802.02687366426,Medium,Medium
1781,135457.5035503945,Low,Low
1782,57755.569180043865,Low,Low
1783,118306.92791582619,Low,Low
1784,56404.80743130276,Low,Low
1785,112545.68352919836,Low,Low
1786,164759.57181303133,Medium,Low
1787,166147.89827012672,Medium,Medium
1788,4289.562507137482,Low,Low
1789,86354.29401047097,Low,Low
1790,18211.4012647692,Low,Low
1791,241549.95129041793,High,High
1792,179807.28633686074,Medium,Medium
1793,151177.65706844506,Medium,Medium
1794,139164.1836168088,Medium,Low
1795,152496.85980052213,Medium,Medium
1796,125651.15546017021,Low,Low
1797,141319.35650160062,Medium,Low
1798,124825.99978897622,Low,Low
1799,94472.68714445326,Low,Low
1800,117569.35053785593,Low,Low
1801,111632.1517812008,Low,Low
1802,163685.33013343503,Medium,Medium
1803,186404.39086732146,Medium,Medium
1804,124872.49383204358,Low,Low
1805,149825.90850622085,Medium,Medium
1806,152166.5769165217,Medium,Low
1807,171411.6949796466,Medium,Low
1808,93726.83748634942,Low,Low
1809,106434.43544355835,Low,Low
1810,135495.6703220781,Low,Low
1811,105355.66331948832,Low,Low
1812,119436.38768362893,Low,Low
1813,129459.04476342144,Low,Low
1814,69231.01816858628,Low,Low
1815,-7918.014749786147,,Low
1816,81561.8465062093,Low,Low
1817,92116.7236698819,Low,Low
1818,168874.090943209,Medium,Low
1819,130186.93592492191,Low,Low
1820,54721.35051094409,Low,Low
1821,153581.91070759314,Medium,Low
1822,144275.522110969,Medium,Low
1823,14909.504404728068,Low,Low
1824,153689.95060922194,Medium,Low
1825,120061.29749025386,Low,Low
1826,97564.51920631854,Low,Low
1827,104774.61454101244,Low,Low
1828,139875.07341215198,Medium,Low
1829,112756.73348565912,Low,Low
1830,165763.63781206842,Medium,Low
1831,186703.2438721151,Medium,Medium
1832,167268.4140681836,Medium,Low
1833,170387.51432578618,Medium,Medium
1834,133000.3393927752,Low,Low
1835,187035.8742585244,Medium,Medium
1836,174810.667220183,Medium,Medium
1837,72295.1292207538,Low,Low
1838,138301.55045530258,Low,Low
1839,62386.871720644136,Low,Low
1840,142627.05518479185,Medium,Medium
1841,139019.6157129298,Medium,Medium
1842,99222.71079243015,Low,Low
1843,129858.73452183662,Low,Low
1844,137573.51224271365,Low,Low
1845,148952.61002392115,Medium,Medium
1846,156799.6731185366,Medium,Medium
1847,177272.7168406289,Medium,Medium
1848,-1969.5795805432426,,Low
1849,88136.51944659726,Low,Low
1850,126790.27668996525,Low,Low
1851,167538.4071566667,Medium,Medium
1852,127322.6071871028,Low,Low
1853,132500.30845827772,Low,Medium
1854,185577.3766249846,Medium,Medium
1855,159549.2351036255,Medium,Medium
1856,230682.23584044335,High,High
1857,114165.70534780745,Low,Low
1858,166325.71418311092,Medium,Medium
1859,125903.89771330325,Low,Low
1860,151626.34042391568,Medium,Medium
1861,124620.66544442048,Low,Low
1862,280093.98839169234,High,High
1863,280093.98839169234,High,High
1864,280093.98839169234,High,High
1865,290630.10546873073,High,High
1866,292919.48104835313,High,High
1867,247973.4428381956,High,High
1868,280637.3954739036,High,High
1869,208951.0055065258,High,High
1870,228821.15968668234,High,High
1871,249308.91848534625,High,High
1872,175342.8484523981,Medium,Medium
1873,234765.10612376212,High,High
1874,136454.75694754985,Low,Medium
1875,220634.99770392553,High,High
1876,199590.8636091485,High,High
1877,220328.61032308114,High,High
1878,224579.82442097712,High,High
1879,121829.60772385923,Low,Low
1880,122905.89222890118,Low,Low
1881,234370.68150164545,High,High
1882,275020.6162511783,High,High
1883,218298.75087017185,High,High
1884,229548.07286113093,High,High
1885,246362.95707076704,High,High
1886,277306.38174023543,High,High
1887,216068.34383949562,High,High
1888,258768.15615918953,High,High
1889,171733.79770063027,Medium,Medium
1890,108790.70362147447,Low,Low
1891,154771.0989620388,Medium,Medium
1892,88115.978103118,Low,Low
1893,141454.246674482,Medium,Medium
1894,177548.50262576446,Medium,Medium
1895,157596.3019513159,Medium,Medium
1896,122164.85128255864,Low,Low
1897,122556.37124120456,Low,Low
1898,134322.47272800427,Low,Low
1899,132454.95742310383,Low,Low
1900,148781.87200019052,Medium,Low
1901,141145.62354279374,Medium,Low
1902,146488.83855153626,Medium,Medium
1903,236942.28894020192,High,High
1904,129381.03014263927,Low,Low
1905,189920.08485045464,High,Medium
1906,144965.87500468784,Medium,Medium
1907,204258.17797862258,High,High
1908,140226.54531520087,Medium,Low
1909,153119.86297922325,Medium,Medium
1910,153119.86297922325,Medium,Medium
1911,195346.42723715454,High,High
1912,271699.79564113705,High,High
1913,150978.77366522525,Medium,Low
1914,45615.52601580403,Low,Low
1915,262012.30056937324,High,High
1916,-9863.16293054953,,Low
1917,267187.3472969065,High,High
1918,144725.08861666784,Medium,Medium
1919,167495.99866527686,Medium,Medium
1920,184108.9523235088,Medium,Medium
1921,326000.28077931015,High,High
1922,285849.2456793365,High,High
1923,211884.9155926004,High,High
1924,222292.92980469388,High,High
1925,237849.65411120417,High,High
1926,315559.8088571009,High,High
1927,126370.68986460207,Low,Low
1928,150792.2312722322,Medium,Medium
1929,109196.63182699805,Low,Low
1930,145401.28012054903,Medium,Low
1931,124264.76437404688,Low,Low
1932,141471.32133770135,Medium,Medium
1933,156236.01925552043,Medium,Medium
1934,189279.4915991946,Medium,Medium
1935,172896.51855666778,Medium,Medium
1936,189729.29955255153,Medium,Medium
1937,190384.5242022067,High,Medium
1938,166757.33694234342,Medium,Medium
1939,266353.48742925853,High,High
1940,223951.14533922978,High,High
1941,191607.8404623733,High,Medium
1942,189900.04955884948,High,Medium
1943,227703.03054287977,High,High
1944,292732.23359290813,High,High
1945,305797.6998744027,High,High
1946,188196.61387043662,Medium,Medium
1947,291574.706592589,High,High
1948,178888.74984931288,Medium,Medium
1949,235868.4816348186,High,High
1950,195720.05840470592,High,Medium
1951,264927.6388595202,High,High
1952,240638.07801693195,High,High
1953,165793.18451991517,Medium,Medium
1954,223830.71689902284,High,High
1955,135342.76137149992,Low,Low
1956,290617.29275886994,High,High
1957,186645.90402600204,Medium,Medium
1958,286207.45294418395,High,High
1959,166571.79202510478,Medium,Medium
1960,97983.85665113044,Low,Low
1961,114832.5960900098,Low,Low
1962,133424.55530982255,Low,Low
1963,132974.7473564656,Low,Low
1964,128800.42950755387,Low,Low
1965,168538.14151716113,Medium,Medium
1966,174674.39738521742,Medium,Medium
1967,257726.25301228027,High,High
1968,335228.57463027386,High,High
1969,313053.90265036083,High,High
1970,356033.63773914776,High,High
1971,373257.89972247387,High,High
1972,317671.5363312373,High,High
1973,267480.1397835923,High,High
1974,286596.51050943026,High,High
1975,386948.3968300002,High,High
1976,256173.24614805673,High,High
1977,314053.87552611105,High,High
1978,326258.99222547514,High,High
1979,305736.6486975293,High,High
1980,215191.9749543154,High,High
1981,299629.4051142534,High,High
1982,235797.24900115147,High,High
1983,235797.24900115147,High,High
1984,210605.25239685693,High,Medium
1985,220921.34783894278,High,High
1986,227743.23923474207,High,High
1987,202145.70510729824,High,Medium
1988,182966.8856854594,Medium,Medium
1989,218007.10717269848,High,High
1990,234190.5352068605,High,High
1991,215036.7777228945,High,High
1992,231565.87778500645,High,High
1993,196013.180758105,High,Medium
1994,257911.6629053909,High,High
1995,212352.4890907809,High,High
1996,276469.33025179134,High,High
1997,309420.8576131344,High,High
1998,290876.53127622633,High,High
1999,245913.01095501284,High,High
2000,295335.57951394544,High,High
2001,249261.9429104951,High,High
2002,234525.57610846346,High,High
2003,261751.83352159226,High,High
2004,255215.96490695482,High,High
2005,246357.85372955597,High,High
2006,238651.4452650155,High,High
2007,264706.9917310561,High,High
2008,202756.58997516258,High,Medium
2009,194508.30347495608,High,Medium
2010,214976.33742112893,High,High
2011,180352.40707850578,Medium,Medium
2012,197744.7775616825,High,Medium
2013,183310.63874163447,Medium,Medium
2014,190666.5275575201,High,Medium
2015,210484.58967171022,High,Medium
2016,192251.09823187508,High,Medium
2017,214375.94456755428,High,High
2018,121973.73049204014,Low,Low
2019,110334.51655644031,Low,Low
2020,115810.08513619757,Low,Low
2021,111234.13246315421,Low,Low
2022,184493.3350159181,Medium,Medium
2023,160137.16708303004,Medium,Medium
2024,249192.2174834312,High,High
2025,352340.2906248128,High,High
2026,203511.89656413064,High,Medium
2027,159152.4055669923,Medium,Medium
2028,196417.96586257816,High,Medium
2029,181298.4670779215,Medium,Medium
2030,281234.2622438537,High,High
2031,257813.87009606572,High,High
2032,267569.00497230375,High,High
2033,274283.2554789038,High,High
2034,192989.5926269759,High,Medium
2035,222143.00463790272,High,High
2036,234974.66385936394,High,High
2037,236199.56738875204,High,High
2038,326693.5924846617,High,High
2039,226087.36666262176,High,High
2040,327741.90843413817,High,High
2041,239374.59887695295,High,High
2042,226864.15720976525,High,High
2043,181975.80529841123,Medium,Medium
2044,214275.1201903033,High,High
2045,220741.92523765255,High,High
2046,175504.0278831482,Medium,Medium
2047,144366.2517082643,Medium,Medium
2048,117187.8611948532,Low,Low
2049,184722.18285794195,Medium,Medium
2050,205415.77630261373,High,Medium
2051,89905.71282927421,Low,Low
2052,132708.67911661934,Low,Low
2053,132616.85776422525,Low,Low
2054,63513.408440193976,Low,Low
2055,155476.33808610225,Medium,Medium
2056,123875.09291264883,Low,Low
2057,122129.47677098791,Low,Low
2058,203281.5691238791,High,High
2059,136458.23961811594,Low,Medium
2060,150264.06100523355,Medium,Medium
2061,189108.22573525435,Medium,Medium
2062,129564.67284742744,Low,Low
2063,102847.98313970152,Low,Low
2064,132511.08819891096,Low,Low
2065,115492.47381565181,Low,Low
2066,184380.40858464083,Medium,Medium
2067,129365.40408373027,Low,Low
2068,189715.3976541951,Medium,Medium
2069,55456.69962619417,Low,Low
2070,107701.76282923124,Low,Low
2071,61312.31034022989,Low,Low
2072,127028.74686736093,Low,Low
2073,125478.40505479003,Low,Low
2074,193865.35670320434,High,Medium
2075,151698.3640548158,Medium,Medium
2076,106910.39682575942,Low,Low
2077,144517.58754408715,Medium,Medium
2078,125372.278499034,Low,Low
2079,145749.0099703423,Medium,Medium
2080,138822.2815455145,Low,Low
2081,153415.16227577245,Medium,Medium
2082,189366.70986184574,Medium,Medium
2083,146873.5567988209,Medium,Medium
2084,103695.49152355375,Low,Low
2085,133876.7849740554,Low,Medium
2086,148613.96761643898,Medium,Medium
2087,128641.80008818672,Low,Low
2088,110590.47014732112,Low,Low
2089,83705.1926897269,Low,Low
2090,142328.01097090152,Medium,Low
2091,101722.692310087,Low,Low
2092,117991.77916932193,Low,Low
2093,145232.45583985327,Medium,Low
2094,148273.98972541594,Medium,Low
2095,152532.15777140978,Medium,Medium
2096,77498.50700181455,Low,Low
2097,85386.93566465817,Low,Low
2098,141872.86326504455,Medium,Medium
2099,-4491.218952412222,,Low
2100,84678.54162104616,Low,Low
2101,120576.13829621134,Low,Low
2102,163378.49793262663,Medium,Medium
2103,75675.55077790041,Low,Low
2104,177229.5283093019,Medium,Low
2105,115474.46912900457,Low,Low
2106,33268.048172939336,Low,Low
2107,227575.81128796996,High,High
2108,120174.49867861235,Low,Low
2109,100105.33124488255,Low,Low
2110,116252.75156210485,Low,Low
2111,188835.42169219896,Medium,Medium
2112,149869.02248696514,Medium,Low
2113,115535.86249121738,Low,Low
2114,120475.10444462005,Low,Low
2115,174057.69895442354,Medium,Medium
2116,101298.83755269411,Low,Low
2117,152901.88028649733,Medium,Medium
2118,142080.1012473773,Medium,Low
2119,129664.59529864391,Low,Low
2120,103104.90145786277,Low,Low
2121,86925.85550292804,Low,Low
2122,84426.33112270465,Low,Low
2123,72942.10500644536,Low,Low
2124,211170.23052633152,High,High
2125,156406.00154050734,Medium,Low
2126,155312.58060078695,Medium,Low
2127,182160.1804608654,Medium,Low
2128,151122.68627753257,Medium,Low
2129,110191.67392876318,Low,Low
2130,164883.92083452412,Medium,Medium
2131,194814.9093848212,High,Medium
2132,111303.32628968687,Low,Low
2133,132285.72302745323,Low,Low
2134,130503.81292558004,Low,Low
2135,69297.06205689305,Low,Low
2136,57895.63491586184,Low,Low
2137,120792.22546921075,Low,Low
2138,127188.14205381717,Low,Low
2139,158394.5808231997,Medium,Medium
2140,124488.93550739367,Low,Low
2141,137386.5047782374,Low,Low
2142,131738.16417689167,Low,Low
2143,142071.13973747884,Medium,Medium
2144,121580.33165461014,Low,Low
2145,119825.81088626296,Low,Low
2146,153241.69166793578,Medium,Medium
2147,159000.58796262185,Medium,Medium
2148,120709.7665888512,Low,Low
2149,116715.93771643972,Low,Low
2150,217547.94225482718,High,High
2151,152650.0910938115,Medium,Low
2152,161351.7692596275,Medium,Medium
2153,165810.81619491748,Medium,Medium
2154,116631.8279034376,Low,Low
2155,149226.5440433477,Medium,Low
2156,263664.00500368647,High,High
2157,232675.6900218294,High,High
2158,241083.92904903926,High,High
2159,228562.2608670324,High,High
2160,192416.88868526128,High,Medium
2161,260679.64247022392,High,High
2162,342523.7790284611,High,High
2163,296568.8082982354,High,High
2164,242545.8252228412,High,High
2165,185589.2510364087,Medium,Medium
2166,136454.75694754985,Low,Medium
2167,216157.84048973635,High,High
2168,197087.98062855008,High,Medium
2169,211333.39815707636,High,High
2170,225858.12757958772,High,High
2171,136063.16100685674,Low,Medium
2172,135605.11775446942,Low,Medium
2173,152375.30179283506,Medium,Medium
2174,256277.2921175923,High,High
2175,291697.497639331,High,High
2176,273485.18660863326,High,High
2177,262869.98620492814,High,High
2178,241928.70930735068,High,High
2179,150637.19449643465,Medium,Medium
2180,231353.5512413401,High,High
2181,221722.90571973432,High,High
2182,233722.43095845036,High,High
2183,215242.93185212457,High,High
2184,132988.79257810832,Low,Low
2185,114222.68524700809,Low,Low
2186,163012.13721959988,Medium,Medium
2187,159824.2025248978,Medium,Medium
2188,165011.84116215844,Medium,Medium
2189,245452.23707158485,High,High
2190,70375.71725678012,Low,Low
2191,70375.71725678012,Low,Low
2192,78083.05446754432,Low,Low
2193,102317.21829557719,Low,Low
2194,93031.87620690634,Low,Low
2195,89657.75919180013,Low,Low
2196,90661.52594740535,Low,Low
2197,98462.90489651261,Low,Low
2198,176400.5054298279,Medium,Medium
2199,178633.9493699609,Medium,Medium
2200,136491.77042590617,Low,Low
2201,129058.35367577325,Low,Low
2202,192323.34704748486,High,Medium
2203,156246.20230525234,Medium,Medium
2204,159878.6176114378,Medium,Medium
2205,130359.94898643409,Low,Low
2206,148545.0589770104,Medium,Medium
2207,216692.86981678742,High,Medium
2208,220090.72442931918,High,High
2209,195888.34181865118,High,Medium
2210,140226.54531520087,Medium,Low
2211,121127.23853303242,Low,Low
2212,131975.54786380692,Low,Low
2213,113370.82196991699,Low,Low
2214,151749.4273773116,Medium,Medium
2215,88468.48820147998,Low,Low
2216,176830.26654926638,Medium,Medium
2217,-17855.424180144502,,Low
2218,65706.66648872016,Low,Low
2219,59958.94673326283,Low,Low
2220,61021.8363963844,Low,Low
2221,262012.30056937324,High,High
2222,238091.00105932396,High,High
2223,259938.06560103374,High,High
2224,223322.8871542471,High,High
2225,144211.25906293688,Medium,Low
2226,170253.42673962328,Medium,Medium
2227,211656.56296567546,High,Medium
2228,252656.90549391627,High,High
2229,248642.1865183441,High,High
2230,143595.2442635439,Medium,Medium
2231,213035.06295458967,High,High
2232,197057.7365819189,High,Medium
2233,174318.6133143169,Medium,Medium
2234,242969.15357870245,High,High
2235,217384.70196210287,High,High
2236,275654.95802380773,High,High
2237,291014.35749751993,High,High
2238,209535.08837192337,High,Medium
2239,151430.9186657432,Medium,Medium
2240,173270.22523511533,Medium,Medium
2241,119361.93254789476,Low,Low
2242,132383.23834580363,Low,Low
2243,138197.10039387638,Low,Low
2244,90037.33951240308,Low,Low
2245,88042.59322465626,Low,Low
2246,138509.28889612685,Low,Medium
2247,135426.55615378817,Low,Low
2248,115934.4523187388,Low,Low
2249,118080.04722236263,Low,Low
2250,122138.31797101692,Low,Low
2251,129307.20675778689,Low,Low
2252,197194.8852436397,High,Medium
2253,159554.1612860108,Medium,Medium
2254,176535.98995525663,Medium,Medium
2255,196501.76511808427,High,Medium
2256,200923.341255786,High,Medium
2257,226354.92506375315,High,High
2258,192642.88421317135,High,Medium
2259,188979.88993940532,Medium,Medium
2260,163127.1548993689,Medium,Medium
2261,212707.56901179109,High,Medium
2262,231177.05221557574,High,High
2263,294531.5216080148,High,High
2264,357364.86225062795,High,High
2265,153952.70123637863,Medium,Medium
2266,282354.22691564186,High,High
2267,319928.58158533054,High,High
2268,333880.2956448336,High,High
2269,175924.90361434306,Medium,Medium
2270,190919.60419819155,High,Medium
2271,225419.99738445453,High,High
2272,218040.48489460716,High,High
2273,165600.73218068137,Medium,Medium
2274,176921.34910403957,Medium,Medium
2275,176972.61845744477,Medium,Medium
2276,195307.06891499288,High,Medium
2277,199782.1844519052,High,High
2278,148831.4673301885,Medium,Medium
2279,118857.62064868867,Low,Low
2280,92416.46671897909,Low,Low
2281,188314.9612841691,Medium,Medium
2282,188635.14740147232,Medium,Medium
2283,140858.12520809696,Medium,Low
2284,152789.22926409412,Medium,Medium
2285,175311.21280305064,Medium,Medium
2286,123681.14095307386,Low,Low
2287,299801.1778853508,High,High
2288,267300.06988588354,High,High
2289,305618.09339182236,High,High
2290,353735.30616166256,High,High
2291,298965.07519614085,High,High
2292,341518.1161574584,High,High
2293,366930.8860952719,High,High
2294,351616.6022118151,High,High
2295,366810.68340408267,High,High
2296,290973.6345242433,High,High
2297,267245.04733514704,High,High
2298,299358.5904613779,High,High
2299,340385.3381503982,High,High
2300,294505.5026653724,High,High
2301,250079.48085049054,High,High
2302,237297.64756377228,High,High
2303,269266.67148902593,High,High
2304,262773.6283227361,High,High
2305,191718.48165907673,High,Medium
2306,191718.48165907673,High,Medium
2307,192351.60935361483,High,Medium
2308,254770.53885218326,High,High
2309,278772.03620385984,High,High
2310,234186.30929681857,High,High
2311,217693.23175674872,High,High
2312,177816.86604955964,Medium,Medium
2313,183987.07104253751,Medium,Medium
2314,197293.25394544,High,Medium
2315,181110.36335423158,Medium,Medium
2316,194504.16053755247,High,Medium
2317,189129.72994494904,Medium,Medium
2318,182521.4807134852,Medium,Medium
2319,201366.5537093329,High,Medium
2320,205962.44105583872,High,Medium
2321,250849.77008401143,High,High
2322,207052.42918671697,High,Medium
2323,183695.3110893843,Medium,Medium
2324,184512.41191405978,Medium,Medium
2325,229314.73498451483,High,High
2326,185229.17875059624,Medium,Medium
2327,231974.04310606298,High,High
2328,234483.86128417792,High,High
2329,195302.34003760075,High,Medium
2330,192979.77574688604,High,Medium
2331,315888.80046601867,High,High
2332,357907.4415957824,High,High
2333,305991.3141527532,High,High
2334,262040.43495183357,High,High
2335,272275.8587727596,High,High
2336,300530.4874205269,High,High
2337,216270.58416151075,High,High
2338,254146.38700265164,High,High
2339,252668.92673990852,High,High
2340,336878.7314037093,High,High
2341,225763.88022987972,High,High
2342,252888.78449497488,High,High
2343,227257.99440882241,High,High
2344,239222.66836219525,High,High
2345,263014.9574447096,High,High
2346,235889.07035354554,High,High
2347,212777.89009996943,High,High
2348,248594.1015343751,High,High
2349,159450.00757149258,Medium,Medium
2350,255565.93734392285,High,High
2351,257593.56720530128,High,High
2352,266494.6000337171,High,High
2353,248596.91500180526,High,High
2354,174089.966263809,Medium,Medium
2355,200331.2045736568,High,Medium
2356,149810.68015279685,Medium,Medium
2357,225512.68651766647,High,High
2358,198146.8570503612,High,High
2359,157428.61218200315,Medium,Medium
2360,120216.34331737299,Low,Low
2361,129234.58267230498,Low,Low
2362,270218.1245724782,High,High
2363,131664.94044172452,Low,Low
2364,154876.107523991,Medium,Medium
2365,238119.51250310335,High,High
2366,218391.70969771425,High,Medium
2367,254071.93482454476,High,High
2368,214299.3331540616,High,High
2369,254412.55225122042,High,High
2370,178498.68758217723,Medium,Medium
2371,183522.1797081031,Medium,Medium
2372,211095.46707783244,High,High
2373,266651.55692945834,High,High
2374,287891.6145478439,High,High
2375,248739.71571736183,High,High
2376,281775.4952413284,High,High
2377,326798.6364083973,High,High
2378,154170.79126971163,Medium,Medium
2379,226761.7383119329,High,High
2380,152438.8300139502,Medium,Medium
2381,174449.11083318462,Medium,Medium
2382,206948.39387945266,High,Medium
2383,230110.0191186746,High,High
2384,244265.25462287612,High,High
2385,150734.5002579412,Medium,Medium
2386,150452.38505790586,Medium,Medium
2387,129856.52038720105,Low,Low
2388,78623.65808060902,Low,Low
2389,121269.549405918,Low,Low
2390,129174.69941321935,Low,Low
2391,119284.18158051193,Low,Low
2392,112569.60811030486,Low,Low
2393,181893.1585037977,Medium,Medium
2394,145720.36314230773,Medium,Medium
2395,203992.03509005532,High,High
2396,172115.14416673864,Medium,Medium
2397,200481.0687441451,High,Medium
2398,102145.9618223761,Low,Low
2399,41081.295809430245,Low,Low
2400,31639.1012332229,Low,Low
2401,103973.28028288936,Low,Low
2402,130987.62123142826,Low,Low
2403,171036.1694775725,Medium,Medium
2404,129898.71897013459,Low,Low
2405,166509.04771295903,Medium,Medium
2406,137371.92590984108,Low,Low
2407,120972.99442431869,Low,Low
2408,128148.99935864955,Low,Low
2409,134943.77067048388,Low,Medium
2410,195471.31115784604,High,Medium
2411,113726.09045697405,Low,Low
2412,150138.5789935392,Medium,Medium
2413,139138.4897210307,Medium,Medium
2414,123651.3873830396,Low,Low
2415,166538.089944003,Medium,Medium
2416,136196.84594594495,Low,Low
2417,144880.34572144778,Medium,Low
2418,113544.77245433925,Low,Low
2419,134833.75328841025,Low,Medium
2420,113032.62867949023,Low,Low
2421,137526.0400942125,Low,Medium
2422,111656.04399067075,Low,Low
2423,92833.38361058073,Low,Low
2424,168103.18843558885,Medium,Medium
2425,212601.37995879428,High,High
2426,100280.15131958117,Low,Low
2427,115737.95452081828,Low,Low
2428,192855.60423085006,High,Medium
2429,113479.8093060909,Low,Low
2430,143751.75980061898,Medium,Low
2431,127201.5776405212,Low,Low
2432,125186.31109209245,Low,Low
2433,136371.0676700286,Low,Medium
2434,143714.44239407405,Medium,Medium
2435,155796.49017657075,Medium,Medium
2436,86963.49478103315,Low,Low
2437,110784.32450979727,Low,Low
2438,115981.36689728705,Low,Low
2439,99754.44642999102,Low,Low
2440,142039.75364932453,Medium,Low
2441,106932.47711355248,Low,Low
2442,101110.5454435992,Low,Low
2443,111275.5243490577,Low,Low
2444,95243.24506774265,Low,Low
2445,67497.0441328566,Low,Low
2446,116822.14958770352,Low,Low
2447,198466.44253128415,High,Medium
2448,158574.85195719387,Medium,Medium
2449,101129.64520425629,Low,Low
2450,152829.321673895,Medium,Low
2451,119688.14711069305,Low,Low
2452,204839.49757321615,High,Low
2453,64829.70846302228,Low,Low
2454,81092.47962041297,Low,Low
2455,102207.72881597311,Low,Low
2456,140126.0632152896,Medium,Medium
2457,115378.01759403608,Low,Low
2458,136068.2716291681,Low,Low
2459,102228.67458740177,Low,Low
2460,154077.47527108563,Medium,Medium
2461,121169.06540790673,Low,Low
2462,132350.34849447708,Low,Low
2463,115548.18819765256,Low,Low
2464,197664.84782029086,High,High
2465,141157.46800795424,Medium,Low
2466,117402.68661548982,Low,Low
2467,162739.98284221406,Medium,Medium
2468,88155.27681604816,Low,Low
2469,107033.72880649324,Low,Low
2470,203730.11662845896,High,High
2471,217124.86834226796,High,High
2472,197336.8617709221,High,High
2473,106416.39753728616,Low,Low
2474,93529.96005314858,Low,Low
2475,230554.78730108458,High,High
2476,120185.3396881907,Low,Low
2477,121009.75485044361,Low,Low
2478,163310.59761417884,Medium,Medium
2479,101910.08575095511,Low,Low
2480,119662.03010431623,Low,Low
2481,128334.96676559109,Low,Low
2482,112073.79161636825,Low,Low
2483,115782.03556221565,Low,Low
2484,120103.59964559856,Low,Low
2485,116879.39553477943,Low,Low
2486,149610.59711194556,Medium,Medium
2487,180812.084750472,Medium,High
2488,165487.40655633263,Medium,Medium
2489,158162.03971946356,Medium,Medium
2490,136347.0251780441,Low,Medium
2491,61631.68316093601,Low,Low
2492,186877.36000394681,Medium,Medium
2493,112458.49136048878,Low,Low
2494,153193.2894085218,Medium,Medium
2495,91398.97235207829,Low,Low
2496,224196.7708816506,High,High
2497,177890.0636598882,Medium,Medium
2498,108985.09269636947,Low,Low
2499,64271.105882369375,Low,Low
2500,131515.84530562986,Low,Medium
2501,148615.83583793315,Medium,Medium
2502,148499.2092727343,Medium,Medium
2503,96522.15730265602,Low,Low
2504,201726.70943893466,High,High
2505,226389.64099006614,High,High
2506,263652.17859292135,High,High
2507,307215.57589324296,High,High
2508,263652.17859292135,High,High
2509,231211.8753474036,High,High
2510,249594.87272097814,High,High
2511,206510.79988096596,High,Medium
2512,224946.73501396546,High,High
2513,223408.03702478396,High,High
2514,243447.04313710364,High,High
2515,139318.64975525276,Medium,Medium
2516,162944.32268167284,Medium,Medium
2517,136454.75694754985,Low,Medium
2518,146930.51443002035,Medium,Medium
2519,230194.831245727,High,High
2520,218537.90660229346,High,High
2521,215963.27658823162,High,High
2522,228742.944542511,High,High
2523,117931.8821349208,Low,Low
2524,126442.24611818453,Low,Medium
2525,125335.43602470582,Low,Medium
2526,133282.8542525175,Low,Medium
2527,120413.59453737491,Low,Low
2528,117506.75899585767,Low,Low
2529,115282.40404336675,Low,Low
2530,78601.70858095596,Low,Low
2531,240328.9101611898,High,High
2532,235154.94749262603,High,High
2533,219155.42404307143,High,High
2534,251651.67133418954,High,High
2535,303425.5715910242,High,High
2536,231797.03481002848,High,High
2537,237295.767997317,High,High
2538,202844.80760668678,High,Medium
2539,198696.54173604172,High,Medium
2540,189937.52449926885,High,Medium
2541,203269.9307457499,High,Medium
2542,161594.1886930405,Medium,Medium
2543,119477.12309391357,Low,Low
2544,108888.49976757761,Low,Low
2545,123700.73906709906,Low,Low
2546,160469.03577840596,Medium,Medium
2547,152965.81074695275,Medium,Medium
2548,166617.35788058428,Medium,Medium
2549,153068.40107235697,Medium,Medium
2550,617363.557960267,High,Medium
2551,154771.0989620388,Medium,Medium
2552,118026.57907283517,Low,Low
2553,70375.71725678012,Low,Low
2554,128474.11716585825,Low,Low
2555,107985.3477656041,Low,Low
2556,76651.10806369285,Low,Low
2557,85242.78648680162,Low,Low
2558,202761.74229805564,High,High
2559,140416.2048047889,Medium,Low
2560,128674.31740353475,Low,Low
2561,144446.2454646895,Medium,Low
2562,139403.27266446545,Medium,Low
2563,146258.48990396745,Medium,Low
2564,184497.7002101445,Medium,Medium
2565,100022.36583535993,Low,Low
2566,123288.90533196466,Low,Low
2567,121002.26139981841,Low,Low
2568,194567.2595201188,High,Medium
2569,186985.29300973797,Medium,Medium
2570,140984.8189286316,Medium,Low
2571,171527.69989759903,Medium,Medium
2572,203120.76921118397,High,Medium
2573,229342.90246937476,High,High
2574,274396.57627159357,High,High
2575,139266.64030064092,Medium,Low
2576,134637.1294969737,Low,Low
2577,144578.20832810496,Medium,Low
2578,88496.16716396494,Low,Low
2579,5222.773599115491,Low,Low
2580,144545.62542485428,Medium,Low
2581,104847.20229382518,Low,Low
2582,103539.97372300178,Low,Low
2583,259504.06966047984,High,High
2584,165730.2761988479,Medium,Medium
2585,172821.4302778246,Medium,Medium
2586,222338.0817242595,High,High
2587,218080.76192613255,High,High
2588,164193.32960619137,Medium,Medium
2589,151327.9566367952,Medium,Medium
2590,219087.9829261463,High,High
2591,200480.62301277614,High,High
2592,244459.70428518293,High,High
2593,255104.48296116164,High,High
2594,195608.9390752566,High,Medium
2595,229460.75374357327,High,High
2596,285906.074327339,High,High
2597,199848.40565445466,High,Medium
2598,267189.40908945375,High,High
2599,323720.3991161707,High,High
2600,103265.83855477473,Low,Low
2601,159152.42083873024,Medium,Medium
2602,96277.0786814129,Low,Low
2603,89045.90225329509,Low,Low
2604,95377.46277469899,Low,Low
2605,98076.31049484068,Low,Low
2606,127769.68903140086,Low,Low
2607,175729.20075461903,Medium,Medium
2608,174120.0818606542,Medium,Medium
2609,146049.31705271063,Medium,Medium
2610,108746.8238736411,Low,Low
2611,147919.54490787472,Medium,Medium
2612,142440.8078867275,Medium,Medium
2613,115934.4523187388,Low,Low
2614,122021.66049202759,Low,Low
2615,159651.82513000595,Medium,Medium
2616,144299.13660573045,Medium,Low
2617,186425.4354833127,Medium,Medium
2618,187821.29700413012,Medium,Medium
2619,242315.26734997187,High,High
2620,181149.5472648125,Medium,Medium
2621,187768.5541804473,Medium,Medium
2622,195589.59621058658,High,Medium
2623,269107.79088300787,High,High
2624,274858.6741057459,High,High
2625,331292.6039183537,High,High
2626,169400.54922015883,Medium,Medium
2627,214495.17731445207,High,Medium
2628,339675.6997834075,High,High
2629,401100.83226409304,High,High
2630,316430.29385410354,High,High
2631,375510.08311391115,High,High
2632,339251.37027895515,High,High
2633,291033.077286838,High,High
2634,313824.0072885388,High,High
2635,159020.81095196074,Medium,Medium
2636,218475.38423123644,High,High
2637,180345.12217164782,Medium,Medium
2638,257977.26654010848,High,High
2639,182630.98811123587,Medium,Medium
2640,155227.93038720393,Medium,Medium
2641,93023.00113545949,Low,Low
2642,198222.91248799578,High,High
2643,140858.12520809696,Medium,Low
2644,141869.28731969598,Medium,Medium
2645,135825.73017294297,Low,Low
2646,130699.92651617338,Low,Low
2647,140408.31725474,Medium,Low
2648,152634.85223237655,Medium,Medium
2649,146001.55998123292,Medium,Medium
2650,174224.58943186048,Medium,Medium
2651,168987.9494705181,Medium,Medium
2652,343268.5621559379,High,High
2653,259598.7085608752,High,High
2654,248431.8431432846,High,High
2655,304815.5614239082,High,High
2656,300282.04081268504,High,High
2657,309656.87771575653,High,High
2658,284339.5905982168,High,High
2659,287891.0809572123,High,High
2660,300282.0001301613,High,High
2661,298013.8160056138,High,High
2662,296490.04824936826,High,High
2663,270692.76912358135,High,High
2664,277542.23684724106,High,High
2665,288976.97903345485,High,High
2666,287187.0460286405,High,High
2667,178074.05545312198,Medium,Medium
2668,203328.25948524458,High,Medium
2669,189579.53789830598,Medium,Medium
2670,285995.86939709156,High,High
2671,203328.25948524458,High,Medium
2672,210885.11380951985,High,High
2673,222273.05749222336,High,High
2674,225237.333028002,High,High
2675,195055.22865015428,High,Medium
2676,212039.96014703077,High,High
2677,208998.00921702542,High,High
2678,256261.31143749255,High,High
2679,259891.16881159676,High,High
2680,279455.0771544771,High,High
2681,349913.9128136622,High,High
2682,311576.33697485103,High,High
2683,385666.0295683087,High,High
2684,295973.5300999359,High,High
2685,313189.31604946975,High,High
2686,264085.2826129378,High,High
2687,265152.15028010635,High,High
2688,250295.70634014747,High,High
2689,230069.46338574565,High,High
2690,350794.6939525825,High,High
2691,197291.35611872244,High,High
2692,177399.01762056214,Medium,Medium
2693,218145.36441225905,High,High
2694,176414.55446791428,Medium,Medium
2695,218962.91733799875,High,High
2696,209736.74819921015,High,Medium
2697,203337.60656264384,High,High
2698,191633.08978108922,High,Medium
2699,188826.36946192637,Medium,Medium
2700,173077.2837217137,Medium,Medium
2701,162326.0116062841,Medium,Medium
2702,121881.90913964607,Low,Low
2703,154338.28415595234,Medium,Low
2704,131024.39711444842,Low,Low
2705,122873.34639875405,Low,Low
2706,116668.98790062798,Low,Low
2707,116693.42812783789,Low,Low
2708,126453.21240838268,Low,Low
2709,115979.77962806553,Low,Low
2710,119020.73693348185,Low,Low
2711,287725.3602081783,High,High
2712,315810.443778279,High,High
2713,199431.58866694293,High,Medium
2714,182886.8489248668,Medium,Medium
2715,180664.07147286416,Medium,Medium
2716,171464.4695181917,Medium,Medium
2717,205795.01636687433,High,Medium
2718,253774.45218876857,High,High
2719,138743.4142228157,Low,Medium
2720,195145.88326880775,High,Medium
2721,130219.04582495286,Low,Low
2722,167451.05499896934,Medium,Medium
2723,145899.67940639617,Medium,Medium
2724,114500.14413963043,Low,Low
2725,129319.42991823897,Low,Low
2726,137823.93639326037,Low,Medium
2727,180745.64095619757,Medium,Medium
2728,174962.13535811385,Medium,Medium
2729,140793.11521801187,Medium,Medium
2730,144251.42229551836,Medium,Medium
2731,116286.74495374535,Low,Low
2732,116784.47497419658,Low,Low
2733,155585.55078762776,Medium,Medium
2734,168693.47522488408,Medium,Medium
2735,132352.39218823583,Low,Low
2736,150345.98632018646,Medium,Medium
2737,113629.61970027324,Low,Low
2738,172734.28112999274,Medium,Medium
2739,168264.54315796174,Medium,Medium
2740,146514.53244731436,Medium,Medium
2741,147517.54637535242,Medium,Medium
2742,166919.29314908502,Medium,Medium
2743,143646.39365869216,Medium,Medium
2744,153747.48820173877,Medium,Medium
2745,146225.12017721188,Medium,Low
2746,119173.7626108909,Low,Low
2747,149504.246989643,Medium,Low
2748,106928.31883763554,Low,Low
2749,120704.50447359655,Low,Low
2750,124819.0256825161,Low,Low
2751,107626.37002768515,Low,Low
2752,216686.3052930278,High,High
2753,143122.77584953766,Medium,Medium
2754,233733.05960330242,High,High
2755,150067.92999286955,Medium,Low
2756,38090.71111703274,Low,Low
2757,37819.89646415724,Low,Low
2758,39138.15969458231,Low,Low
2759,143673.12024226316,Medium,Low
2760,123902.74416187243,Low,Low
2761,156901.49180353238,Medium,Medium
2762,161630.46831814473,Medium,Medium
2763,195005.9437116631,High,Medium
2764,158018.792756994,Medium,Medium
2765,256379.8506967713,High,High
2766,122749.45246233438,Low,Low
2767,39200.976317095105,Low,Low
2768,167079.71924975404,Medium,Medium
2769,135930.55852528513,Low,Medium
2770,171768.9829023609,Medium,Medium
2771,110784.32450979727,Low,Low
2772,125193.28519855256,Low,Low
2773,140624.7597102198,Medium,Low
2774,162229.7526561396,Medium,Medium
2775,124574.71727971379,Low,Low
2776,134868.4734495547,Low,Low
2777,155841.88274225677,Medium,Medium
2778,138059.47454055503,Low,Low
2779,121476.44295818027,Low,Low
2780,131119.94187217054,Low,Low
2781,92351.49723077584,Low,Low
2782,74017.38842515615,Low,Low
2783,66296.66433672764,Low,Low
2784,116227.34725940737,Low,Low
2785,133142.33769168283,Low,Low
2786,14263.679833621922,Low,Low
2787,141149.2272014037,Medium,Low
2788,43649.65391270036,Low,Low
2789,211053.82497778634,High,High
2790,102073.656535804,Low,Low
2791,117576.77111947822,Low,Low
2792,60168.48730064921,Low,Low
2793,171756.39419316265,Medium,Medium
2794,64747.833811331104,Low,Low
2795,119388.0371481606,Low,Low
2796,89845.59102403579,Low,Low
2797,245833.49375510562,High,High
2798,91223.13508687585,Low,Low
2799,99988.92131060443,Low,Low
2800,80901.13990869303,Low,Low
2801,129522.95038075786,Low,Low
2802,136576.13483762724,Low,Low
2803,223938.11075054025,High,High
2804,123720.65603279718,Low,Low
2805,81509.6631196824,Low,Low
2806,98904.53984957119,Low,Low
2807,188430.1518301879,Medium,Medium
2808,130932.69432472522,Low,Low
2809,139655.89424644533,Medium,Low
2810,130035.4031201647,Low,Low
2811,157405.02368918294,Medium,Medium
2812,153632.11169568796,Medium,Medium
2813,211509.5777057565,High,High
2814,209898.63800142362,High,High
2815,94407.59548415896,Low,Low
2816,245363.76998421937,High,High
2817,123405.67689589159,Low,Low
2818,109127.0754761219,Low,Low
2819,194165.9140030741,High,Medium
2820,116351.04073469779,Low,Low
2821,116444.27073964161,Low,Low
2822,173949.2329834121,Medium,Medium
2823,305641.35922504077,High,High
2824,175069.59047857634,Medium,Medium
2825,115754.30353632093,Low,Low
2826,124908.52233275684,Low,Low
2827,176822.68206407435,Medium,Medium
2828,239577.2353664802,High,High
2829,190942.53320048706,High,Medium
2830,243042.39662308682,High,High
2831,200962.00756604155,High,Medium
2832,235806.11691601793,High,High
2833,256919.25209257123,High,High
2834,227820.41947612978,High,High
2835,237297.64756377228,High,High
2836,210378.36433365155,High,Medium
2837,178035.62798566633,Medium,Medium
2838,147199.0043807425,Medium,Medium
2839,177736.01098736373,Medium,Medium
2840,217234.1249947783,High,High
2841,218411.55257946523,High,High
2842,223558.7170356242,High,High
2843,164597.85052385426,Medium,Medium
2844,164101.87220960524,Medium,Medium
2845,115282.40404336675,Low,Low
2846,220020.5634810301,High,High
2847,196306.30684544417,High,Medium
2848,239854.95580401958,High,High
2849,230028.6120810649,High,High
2850,275656.9406590037,High,High
2851,241511.1946641638,High,High
2852,235651.80220825732,High,High
2853,233703.96682737864,High,High
2854,150187.3865430777,Medium,Medium
2855,216350.78200313798,High,High
2856,221140.7745757422,High,High
2857,211253.29542607162,High,Medium
2858,212417.5787968532,High,High
2859,87769.22903653013,Low,Low
2860,146411.49838179813,Medium,Medium
2861,141855.93505839934,Medium,Medium
2862,217318.84201120818,High,High
2863,155644.357505608,Medium,Medium
2864,262766.23871716426,High,High
2865,154771.0989620388,Medium,Medium
2866,222316.93534195673,High,High
2867,78813.50147786876,Low,Low
2868,133950.01110821392,Low,Low
2869,125390.82678679127,Low,Low
2870,118908.58018839103,Low,Low
2871,102479.9307480919,Low,Low
2872,-7142.414661073824,,Low
2873,81128.24117404083,Low,Low
2874,141370.68102689783,Medium,Low
2875,150676.8471490223,Medium,Low
2876,167768.87909811383,Medium,Medium
2877,148568.33626054172,Medium,Low
2878,179824.41021001124,Medium,Medium
2879,134747.13527447407,Low,Low
2880,124823.02660520049,Low,Low
2881,152833.89630658334,Medium,Low
2882,151796.17702250322,Medium,Medium
2883,187985.5780981824,Medium,Medium
2884,178455.64579226144,Medium,Medium
2885,168232.34016379018,Medium,Medium
2886,194760.00362317546,High,High
2887,111811.7902696185,Low,Low
2888,141447.0161334629,Medium,Low
2889,47084.89246082504,Low,Low
2890,51790.79488241345,Low,Low
2891,174548.2349483233,Medium,Medium
2892,23548.369887372217,Low,Low
2893,125772.40132193844,Low,Low
2894,29310.25703656336,Low,Low
2895,267978.5588498077,High,High
2896,260483.88340882098,High,High
2897,204194.2215796425,High,Medium
2898,207234.7829856735,High,High
2899,246883.21012023342,High,High
2900,162698.1112351419,Medium,Medium
2901,201161.31974164056,High,Medium
2902,193086.23821028645,High,Medium
2903,283425.41560347483,High,High
2904,302130.66191668675,High,High
2905,32265.78500837917,Low,Low
2906,209189.575118017,High,Medium
2907,124495.34274018067,Low,Low
2908,114066.45962488567,Low,Low
2909,180169.4772064323,Medium,Medium
2910,71047.68963082826,Low,Low
2911,96277.0786814129,Low,Low
2912,150344.3335517038,Medium,Medium
2913,95377.46277469899,Low,Low
2914,95377.46277469899,Low,Low
2915,95377.46277469899,Low,Low
2916,95377.46277469899,Low,Low
2917,142103.50268974117,Medium,Medium
2918,131957.46921275108,Low,Medium
2919,235153.07672737702,High,High
